Date,Volume,Open,High,Low,Close,Median
2023-11-16 22:00:00,4168,4515.12,4515.175,4510.75,4514.02,4512.9625
2023-11-17 02:00:00,3233,4514.02,4517.77,4511.75,4513.51,4514.76
2023-11-17 06:00:00,7943,4513.51,4522.76,4511.0,4517.52,4516.88
2023-11-17 10:00:00,10574,4517.52,4526.52,4516.75,4518.75,4521.635
2023-11-17 14:00:00,29972,4518.75,4520.77,4499.76,4511.52,4510.265
2023-11-17 18:00:00,12226,4511.52,4521.335,4509.25,4512.01,4515.2925
2023-11-19 22:00:00,6004,4512.01,4517.19,4508.92,4512.43,4513.055
2023-11-20 02:00:00,4316,4512.43,4514.19,4508.42,4508.42,4511.305
2023-11-20 06:00:00,10155,4508.42,4521.44,4508.42,4521.17,4514.93
2023-11-20 10:00:00,8103,4521.17,4522.44,4511.67,4517.92,4517.055
2023-11-20 14:00:00,19248,4517.92,4538.69,4512.895,4534.17,4525.7925
2023-11-20 18:00:00,13000,4534.17,4559.42,4534.17,4549.42,4546.795
2023-11-20 22:00:00,3854,4549.42,4555.26,4549.42,4553.01,4552.34
2023-11-21 02:00:00,3822,4553.01,4555.76,4551.25,4552.01,4553.505
2023-11-21 06:00:00,7498,4552.01,4552.87,4543.99,4544.49,4548.43
2023-11-21 10:00:00,7955,4544.49,4549.26,4536.99,4537.76,4543.125
2023-11-21 14:00:00,20010,4537.76,4543.01,4526.76,4542.51,4534.885
2023-11-21 18:00:00,20762,4542.51,4543.75,4525.74,4536.51,4534.745
2023-11-21 22:00:00,3576,4536.51,4540.61,4532.34,4539.35,4536.475
2023-11-22 02:00:00,3288,4539.35,4543.11,4537.35,4537.84,4540.23
2023-11-22 06:00:00,7351,4537.84,4543.36,4534.85,4541.11,4539.105
2023-11-22 10:00:00,11737,4541.11,4555.86,4540.59,4554.61,4548.225
2023-11-22 14:00:00,35515,4554.61,4569.6,4544.34,4556.36,4556.97
2023-11-22 18:00:00,14401,4556.36,4561.61,4544.59,4554.84,4553.1
2023-11-22 22:00:00,2657,4554.84,4558.23,4551.73,4557.97,4554.98
2023-11-23 02:00:00,2202,4557.97,4558.98,4554.71,4558.97,4556.845
2023-11-23 06:00:00,6883,4558.97,4562.23,4557.21,4561.1,4559.72
2023-11-23 10:00:00,4667,4561.1,4562.23,4557.46,4559.71,4559.845
2023-11-23 14:00:00,4277,4559.71,4562.48,4557.46,4559.09,4559.97
2023-11-23 18:00:00,17,4559.09,4559.49,4559.01,4559.21,4559.25
2023-11-23 22:00:00,3125,4559.21,4562.65,4559.21,4562.15,4560.93
2023-11-24 02:00:00,2670,4562.15,4562.15,4559.38,4560.65,4560.765
2023-11-24 06:00:00,5020,4560.65,4563.15,4556.63,4563.15,4559.89
2023-11-24 10:00:00,2327,4563.15,4563.15,4556.625,4560.38,4559.8875
2023-11-24 14:00:00,16218,4560.38,4561.14,4553.38,4558.64,4557.26
2023-11-24 18:00:00,614,4558.64,4560.4,4558.13,4558.64,4559.265
2023-11-26 22:00:00,3637,4558.64,4561.07,4549.8,4551.57,4555.435
2023-11-27 02:00:00,2560,4551.57,4551.82,4544.56,4544.56,4548.19
2023-11-27 06:00:00,5498,4544.56,4555.07,4544.55,4547.57,4549.81
2023-11-27 10:00:00,5916,4547.57,4557.57,4547.55,4553.56,4552.56
2023-11-27 14:00:00,20177,4553.56,4561.58,4548.05,4559.3,4554.815
2023-11-27 18:00:00,11666,4559.3,4562.32,4548.55,4554.05,4555.435
2023-11-27 22:00:00,3059,4554.05,4556.95,4552.68,4555.44,4554.815
2023-11-28 02:00:00,2907,4555.44,4557.7,4553.18,4555.18,4555.44
2023-11-28 06:00:00,7482,4555.18,4557.2,4543.68,4552.19,4550.44
2023-11-28 10:00:00,7488,4552.19,4553.45,4540.18,4546.7,4546.815
2023-11-28 14:00:00,24777,4546.7,4570.2,4542.43,4556.43,4556.315
2023-11-28 18:00:00,17481,4556.43,4558.465,4544.93,4556.95,4551.6975
2023-11-28 22:00:00,2926,4556.95,4563.28,4555.29,4561.54,4559.285
2023-11-29 02:00:00,2997,4561.54,4564.04,4559.3,4562.54,4561.67
2023-11-29 06:00:00,7259,4562.54,4572.55,4560.28,4571.28,4566.415
2023-11-29 10:00:00,8863,4571.28,4583.05,4569.53,4577.79,4576.29
2023-11-29 14:00:00,28201,4577.79,4589.8,4555.79,4569.28,4572.795
2023-11-29 18:00:00,13718,4569.28,4570.8,4548.53,4555.8,4559.665
2023-11-29 22:00:00,3271,4555.8,4556.64,4552.13,4553.64,4554.385
2023-11-30 02:00:00,3166,4553.64,4559.89,4553.13,4559.64,4556.51
2023-11-30 06:00:00,6537,4559.64,4560.4,4550.63,4558.64,4555.515
2023-11-30 10:00:00,10453,4558.64,4570.4,4557.13,4562.38,4563.765
2023-11-30 14:00:00,37754,4562.38,4562.4,4538.38,4544.88,4550.39
2023-11-30 18:00:00,17498,4544.88,4571.52,4537.13,4564.01,4554.325
2023-11-30 22:00:00,2300,4564.01,4566.72,4563.7,4565.22,4565.21
2023-12-01 02:00:00,2851,4565.22,4569.22,4564.29,4566.71,4566.755
2023-12-01 06:00:00,6584,4566.71,4576.97,4564.95,4573.97,4570.96
2023-12-01 10:00:00,6909,4573.97,4573.97,4557.45,4558.72,4565.71
2023-12-01 14:00:00,50045,4558.72,4600.22,4555.2,4597.95,4577.71
2023-12-01 18:00:00,16526,4597.95,4598.72,4585.7,4595.96,4592.21
2023-12-03 22:00:00,5163,4595.96,4599.06,4588.2,4589.7,4593.63
2023-12-04 02:00:00,2771,4589.7,4591.055,4586.96,4587.46,4589.0075
2023-12-04 06:00:00,6883,4587.46,4589.2,4579.94,4584.46,4584.57
2023-12-04 10:00:00,6941,4584.46,4585.7,4568.2,4568.7,4576.95
2023-12-04 14:00:00,26943,4568.7,4573.19,4548.19,4571.45,4560.69
2023-12-04 18:00:00,14256,4571.45,4574.21,4559.69,4567.21,4566.95
2023-12-04 22:00:00,2694,4567.21,4568.21,4560.95,4563.46,4564.58
2023-12-05 02:00:00,2595,4563.46,4564.46,4560.71,4562.21,4562.585
2023-12-05 06:00:00,6904,4562.21,4564.21,4551.44,4561.45,4557.825
2023-12-05 10:00:00,8654,4561.45,4561.46,4550.69,4554.69,4556.075
2023-12-05 14:00:00,44479,4554.69,4580.46,4550.69,4566.96,4565.575
2023-12-05 18:00:00,17605,4566.96,4573.45,4563.2,4568.46,4568.325
2023-12-05 22:00:00,3675,4568.46,4584.19,4567.19,4583.19,4575.69
2023-12-06 02:00:00,2655,4583.19,4586.2,4581.68,4584.43,4583.94
2023-12-06 06:00:00,5281,4584.43,4584.95,4576.69,4580.19,4580.82
2023-12-06 10:00:00,6633,4580.19,4591.93,4575.93,4590.19,4583.93
2023-12-06 14:00:00,29071,4590.19,4594.2,4562.43,4563.07,4578.315
2023-12-06 18:00:00,14871,4563.07,4570.43,4547.7,4552.18,4559.065
2023-12-06 22:00:00,4262,4552.18,4552.54,4547.77,4548.29,4550.155
2023-12-07 02:00:00,3472,4548.29,4550.29,4546.78,4547.64,4548.535
2023-12-07 06:00:00,6166,4547.64,4553.04,4544.52,4551.02,4548.78
2023-12-07 10:00:00,7502,4551.02,4565.79,4548.27,4565.04,4557.03
2023-12-07 14:00:00,30723,4565.04,4587.04,4563.79,4584.04,4575.415
2023-12-07 18:00:00,11369,4584.04,4591.54,4579.27,4581.28,4585.405
2023-12-07 22:00:00,2814,4581.28,4584.67,4580.15,4581.4,4582.41
2023-12-08 02:00:00,2500,4581.4,4586.42,4581.15,4584.41,4583.785
2023-12-08 06:00:00,3773,4584.41,4587.92,4576.9,4586.91,4582.41
2023-12-08 10:00:00,14193,4586.91,4589.67,4560.15,4577.4,4574.91
2023-12-08 14:00:00,41277,4577.4,4606.675,4572.4,4592.67,4589.5375
2023-12-08 18:00:00,12742,4592.67,4609.92,4591.15,4604.17,4600.535
2023-12-10 22:00:00,5203,4604.17,4612.38,4603.61,4605.62,4607.995
2023-12-11 02:00:00,2866,4605.62,4606.38,4601.86,4604.62,4604.12
2023-12-11 06:00:00,6878,4604.62,4607.63,4600.11,4602.88,4603.87
2023-12-11 10:00:00,7887,4602.88,4606.13,4597.61,4602.37,4601.87
2023-12-11 14:00:00,27173,4602.37,4615.38,4598.11,4612.98,4606.745
2023-12-11 18:00:00,9430,4612.98,4625.38,4610.11,4622.88,4617.745
2023-12-11 22:00:00,2802,4622.88,4628.78,4621.76,4625.52,4625.27
2023-12-12 02:00:00,2245,4625.52,4628.28,4625.26,4626.76,4626.77
2023-12-12 06:00:00,4494,4626.76,4631.78,4624.28,4631.26,4628.03
2023-12-12 10:00:00,19757,4631.26,4644.15,4619.63,4621.02,4631.89
2023-12-12 14:00:00,25056,4621.02,4634.785,4609.26,4629.52,4622.0225
2023-12-12 18:00:00,11160,4629.52,4648.53,4628.39,4647.88,4638.46
2023-12-12 22:00:00,2348,4647.88,4652.27,4647.835,4651.5,4650.0525
2023-12-13 02:00:00,1785,4651.5,4652.52,4649.5,4651.14,4651.01
2023-12-13 06:00:00,3834,4651.14,4653.02,4649.5,4650.76,4651.26
2023-12-13 10:00:00,6975,4650.76,4656.77,4648.37,4656.01,4652.57
2023-12-13 14:00:00,12682,4656.01,4656.76,4645.51,4648.26,4651.135
2023-12-13 18:00:00,64708,4648.26,4711.275,4644.5,4705.77,4677.8875
2023-12-13 22:00:00,4029,4705.77,4726.01,4705.77,4724.76,4715.89
2023-12-14 02:00:00,3477,4724.76,4728.0,4721.24,4725.26,4724.62
2023-12-14 06:00:00,13301,4725.26,4726.51,4712.99,4716.26,4719.75
2023-12-14 10:00:00,21147,4716.26,4734.0,4714.51,4734.0,4724.255
2023-12-14 14:00:00,67589,4734.0,4738.005,4715.49,4720.62,4726.7475
2023-12-14 18:00:00,32974,4720.62,4722.75,4693.24,4714.74,4707.995
2023-12-14 22:00:00,4325,4714.74,4728.64,4714.74,4726.88,4721.69
2023-12-15 02:00:00,3693,4726.88,4733.64,4726.12,4732.89,4729.88
2023-12-15 06:00:00,6849,4732.89,4741.39,4731.12,4740.88,4736.255
2023-12-15 10:00:00,10999,4740.88,4742.64,4719.12,4726.63,4730.88
2023-12-15 14:00:00,29283,4726.63,4733.37,4715.38,4720.63,4724.375
2023-12-15 18:00:00,20643,4720.63,4733.14,4711.37,4724.39,4722.255
2023-12-17 22:00:00,3866,4724.39,4735.01,4724.39,4732.5,4729.7
2023-12-18 02:00:00,2799,4732.5,4738.76,4731.99,4737.99,4735.375
2023-12-18 06:00:00,7881,4737.99,4739.26,4727.74,4735.74,4733.5
2023-12-18 10:00:00,8163,4735.74,4741.01,4730.49,4739.26,4735.75
2023-12-18 14:00:00,17922,4739.26,4755.76,4735.49,4753.25,4745.625
2023-12-18 18:00:00,8567,4753.25,4759.01,4744.99,4747.13,4752.0
2023-12-18 22:00:00,2301,4747.13,4748.15,4744.39,4747.38,4746.27
2023-12-19 02:00:00,3375,4747.38,4751.65,4747.38,4750.89,4749.515
2023-12-19 06:00:00,5584,4750.89,4755.15,4748.38,4752.76,4751.765
2023-12-19 10:00:00,6346,4752.76,4760.65,4751.13,4757.39,4755.89
2023-12-19 14:00:00,16586,4757.39,4773.4,4753.11,4769.13,4763.255
2023-12-19 18:00:00,8064,4769.13,4777.925,4764.88,4774.64,4771.4025
2023-12-19 22:00:00,2141,4774.64,4776.69,4773.42,4776.43,4775.055
2023-12-20 02:00:00,2772,4776.43,4780.67,4775.67,4778.68,4778.17
2023-12-20 06:00:00,6847,4778.68,4779.19,4766.68,4768.93,4772.935
2023-12-20 10:00:00,5534,4768.93,4770.19,4764.67,4767.28,4767.43
2023-12-20 14:00:00,11467,4767.28,4786.94,4763.67,4785.92,4775.305
2023-12-20 18:00:00,39538,4785.92,4786.18,4699.67,4709.67,4742.925
2023-12-20 22:00:00,3812,4709.67,4717.65,4709.67,4716.38,4713.66
2023-12-21 02:00:00,3088,4716.38,4725.9,4716.38,4725.64,4721.14
2023-12-21 06:00:00,5912,4725.64,4735.9,4724.63,4732.63,4730.265
2023-12-21 10:00:00,9097,4732.63,4752.63,4727.63,4743.89,4740.13
2023-12-21 14:00:00,45122,4743.89,4750.63,4718.14,4720.13,4734.385
2023-12-21 18:00:00,24088,4720.13,4756.15,4713.63,4753.88,4734.89
2023-12-21 22:00:00,3846,4753.88,4755.31,4746.8,4747.81,4751.055
2023-12-22 02:00:00,3886,4747.81,4750.06,4745.04,4745.05,4747.55
2023-12-22 06:00:00,5539,4745.05,4752.31,4743.54,4749.29,4747.925
2023-12-22 10:00:00,8968,4749.29,4765.81,4747.79,4765.56,4756.8
2023-12-22 14:00:00,22850,4765.56,4780.06,4761.55,4771.81,4770.805
2023-12-22 18:00:00,21918,4771.81,4773.56,4743.04,4756.79,4758.3
2023-12-26 02:00:00,612,4756.79,4773.85,4756.79,4772.59,4765.32
2023-12-26 06:00:00,2427,4772.59,4775.84,4771.33,4772.85,4773.585
2023-12-26 10:00:00,3076,4772.85,4774.35,4767.7,4771.58,4771.025
2023-12-26 14:00:00,12213,4771.58,4783.45,4768.84,4779.83,4776.145
2023-12-26 18:00:00,7970,4779.83,4795.59,4779.58,4788.08,4787.585
2023-12-26 22:00:00,2692,4788.08,4790.89,4783.87,4786.12,4787.38
2023-12-27 02:00:00,2225,4786.12,4788.39,4784.37,4788.12,4786.38
2023-12-27 06:00:00,5074,4788.12,4790.14,4783.13,4784.88,4786.635
2023-12-27 10:00:00,4265,4784.88,4789.89,4782.12,4786.12,4786.005
2023-12-27 14:00:00,13791,4786.12,4789.89,4779.12,4783.89,4784.505
2023-12-27 18:00:00,17463,4783.89,4797.39,4777.38,4795.88,4787.385
2023-12-27 22:00:00,2296,4795.88,4801.02,4793.25,4800.76,4797.135
2023-12-28 02:00:00,2439,4800.76,4801.87,4798.5,4800.25,4800.185
2023-12-28 06:00:00,3812,4800.25,4801.52,4793.5,4794.37,4797.51
2023-12-28 10:00:00,4131,4794.37,4796.51,4790.0,4790.01,4793.255
2023-12-28 14:00:00,12954,4790.01,4799.52,4789.25,4797.51,4794.385
2023-12-28 18:00:00,12740,4797.51,4800.25,4788.5,4793.75,4794.375
2023-12-28 22:00:00,2475,4793.75,4796.95,4793.45,4795.45,4795.2
2023-12-29 02:00:00,2181,4795.45,4797.7,4795.18,4797.19,4796.44
2023-12-29 06:00:00,3046,4797.19,4801.7,4795.43,4795.43,4798.565
2023-12-29 10:00:00,4301,4795.43,4797.93,4788.93,4789.44,4793.43
2023-12-29 14:00:00,21566,4789.44,4795.69,4757.7,4769.44,4776.695
2023-12-29 18:00:00,18710,4769.44,4783.7,4767.68,4775.2,4775.69
2024-01-02 02:00:00,564,4775.2,4787.05,4775.2,4786.05,4781.125
2024-01-02 06:00:00,5287,4786.05,4791.55,4778.78,4780.03,4785.165
2024-01-02 10:00:00,9977,4780.03,4781.53,4741.54,4746.3,4761.535
2024-01-02 14:00:00,31971,4746.3,4761.29,4737.03,4750.78,4749.16
2024-01-02 18:00:00,19868,4750.78,4754.05,4729.28,4752.29,4741.665
2024-01-02 22:00:00,2489,4752.29,4755.04,4749.77,4750.78,4752.405
2024-01-03 02:00:00,2524,4750.78,4751.29,4746.29,4748.29,4748.79
2024-01-03 06:00:00,5977,4748.29,4753.28,4740.02,4740.04,4746.65
2024-01-03 10:00:00,6532,4740.04,4744.29,4730.02,4730.77,4737.155
2024-01-03 14:00:00,32469,4730.77,4733.78,4711.02,4726.77,4722.4
2024-01-03 18:00:00,32555,4726.77,4735.78,4705.29,4713.28,4720.535
2024-01-03 22:00:00,2753,4713.28,4717.97,4711.7,4716.97,4714.835
2024-01-04 02:00:00,2438,4716.97,4717.22,4712.71,4713.21,4714.965
2024-01-04 06:00:00,6945,4713.21,4721.72,4712.95,4718.96,4717.335
2024-01-04 10:00:00,9750,4718.96,4719.96,4706.7,4707.96,4713.33
2024-01-04 14:00:00,30208,4707.96,4731.34,4702.32,4712.47,4716.83
2024-01-04 18:00:00,18444,4712.47,4715.97,4691.95,4697.21,4703.96
2024-01-04 22:00:00,2501,4697.21,4702.23,4697.21,4700.98,4699.72
2024-01-05 02:00:00,2787,4700.98,4700.98,4695.21,4695.71,4698.095
2024-01-05 06:00:00,7192,4695.71,4697.23,4683.21,4683.97,4690.22
2024-01-05 10:00:00,16237,4683.97,4689.48,4667.71,4685.22,4678.595
2024-01-05 14:00:00,43478,4685.22,4725.73,4684.96,4696.21,4705.345
2024-01-05 18:00:00,23914,4696.21,4710.96,4685.46,4700.71,4698.21
2024-01-07 22:00:00,3625,4700.71,4710.92,4700.71,4703.67,4705.815
2024-01-08 02:00:00,3025,4703.67,4703.67,4696.92,4698.15,4700.295
2024-01-08 06:00:00,10336,4698.15,4703.16,4682.77,4692.42,4692.965
2024-01-08 10:00:00,10860,4692.42,4706.92,4688.4,4702.67,4697.66
2024-01-08 14:00:00,22945,4702.67,4738.92,4700.4,4737.4,4719.66
2024-01-08 18:00:00,14384,4737.4,4770.92,4735.15,4765.41,4753.035
2024-01-08 22:00:00,2565,4765.41,4765.51,4762.51,4764.24,4764.01
2024-01-09 02:00:00,2792,4764.24,4765.75,4761.24,4761.74,4763.495
2024-01-09 06:00:00,6327,4761.74,4764.01,4750.0,4755.26,4757.005
2024-01-09 10:00:00,7913,4755.26,4756.0,4740.495,4740.99,4748.2475
2024-01-09 14:00:00,24698,4740.99,4766.01,4734.76,4764.99,4750.385
2024-01-09 18:00:00,20973,4764.99,4770.76,4750.75,4757.51,4760.755
2024-01-09 22:00:00,2558,4757.51,4762.47,4755.2,4758.71,4758.835
2024-01-10 02:00:00,2771,4758.71,4759.96,4755.2,4757.21,4757.58
2024-01-10 06:00:00,6010,4757.21,4771.47,4753.7,4768.46,4762.585
2024-01-10 10:00:00,6436,4768.46,4768.97,4756.45,4756.95,4762.71
2024-01-10 14:00:00,21354,4756.95,4775.96,4755.46,4775.21,4765.71
2024-01-10 18:00:00,18742,4775.21,4795.97,4769.47,4787.97,4782.72
2024-01-10 22:00:00,2778,4787.97,4795.46,4785.95,4793.96,4790.705
2024-01-11 02:00:00,2722,4793.96,4797.97,4793.7,4795.97,4795.835
2024-01-11 06:00:00,7109,4795.97,4805.72,4793.95,4795.47,4799.835
2024-01-11 10:00:00,14352,4795.47,4801.34,4770.45,4774.96,4785.895
2024-01-11 14:00:00,34388,4774.96,4799.97,4743.31,4757.945,4771.64
2024-01-11 18:00:00,17216,4757.945,4788.47,4757.075,4779.7,4772.7725
2024-01-11 22:00:00,3909,4779.7,4781.55,4771.43,4775.55,4776.49
2024-01-12 02:00:00,3210,4775.55,4780.06,4772.79,4775.31,4776.425
2024-01-12 06:00:00,11779,4775.31,4789.81,4769.55,4780.56,4779.68
2024-01-12 10:00:00,21341,4780.56,4785.55,4759.79,4782.81,4772.67
2024-01-12 14:00:00,46558,4782.81,4804.81,4770.54,4779.56,4787.675
2024-01-12 18:00:00,17295,4779.56,4791.8,4775.8,4779.05,4783.8
2024-01-14 22:00:00,3677,4779.05,4783.18,4776.91,4782.18,4780.045
2024-01-15 02:00:00,2846,4782.18,4788.93,4782.16,4786.18,4785.545
2024-01-15 06:00:00,8402,4786.18,4793.3,4778.17,4782.41,4785.735
2024-01-15 10:00:00,7808,4782.41,4784.93,4777.16,4780.17,4781.045
2024-01-15 14:00:00,5423,4780.17,4783.68,4777.93,4783.67,4780.805
2024-01-15 18:00:00,10,4783.67,4783.68,4783.66,4783.67,4783.67
2024-01-15 22:00:00,4971,4783.67,4784.32,4768.05,4773.82,4776.185
2024-01-16 02:00:00,3698,4773.82,4776.32,4768.05,4768.31,4772.185
2024-01-16 06:00:00,14021,4768.31,4771.07,4757.05,4762.81,4764.06
2024-01-16 10:00:00,13294,4762.81,4775.82,4756.3,4766.07,4766.06
2024-01-16 14:00:00,46656,4766.07,4786.42,4754.55,4759.32,4770.485
2024-01-16 18:00:00,19999,4759.32,4772.07,4750.55,4770.07,4761.31
2024-01-16 22:00:00,3249,4770.07,4772.31,4764.29,4766.05,4768.3
2024-01-17 02:00:00,4009,4766.05,4766.56,4755.81,4756.05,4761.185
2024-01-17 06:00:00,13664,4756.05,4756.81,4740.54,4749.29,4748.675
2024-01-17 10:00:00,12418,4749.29,4756.81,4737.54,4739.43,4747.175
2024-01-17 14:00:00,34460,4739.43,4747.31,4729.79,4736.3,4738.55
2024-01-17 18:00:00,17686,4736.3,4745.81,4718.05,4741.06,4731.93
2024-01-17 22:00:00,4220,4741.06,4743.85,4737.33,4742.33,4740.59
2024-01-18 02:00:00,4147,4742.33,4743.6,4735.58,4741.33,4739.59
2024-01-18 06:00:00,8391,4741.33,4749.85,4739.83,4746.33,4744.84
2024-01-18 10:00:00,11710,4746.33,4769.84,4743.83,4755.35,4756.835
2024-01-18 14:00:00,38928,4755.35,4768.59,4748.07,4749.83,4758.33
2024-01-18 18:00:00,24497,4749.83,4789.1,4742.33,4783.08,4765.715
2024-01-18 22:00:00,4587,4783.08,4787.73,4780.97,4786.72,4784.35
2024-01-19 02:00:00,3548,4786.72,4788.74,4783.97,4784.23,4786.355
2024-01-19 06:00:00,10097,4784.23,4804.24,4783.98,4802.23,4794.11
2024-01-19 10:00:00,9182,4802.23,4813.49,4798.99,4803.48,4806.24
2024-01-19 14:00:00,37042,4803.48,4820.97,4787.47,4820.74,4804.22
2024-01-19 18:00:00,20103,4820.74,4846.49,4815.97,4845.48,4831.23
2024-01-21 22:00:00,6479,4845.48,4861.39,4845.48,4856.39,4853.435
2024-01-22 02:00:00,2709,4856.39,4859.13,4852.87,4853.64,4856.0
2024-01-22 06:00:00,8565,4853.64,4858.89,4851.62,4858.12,4855.255
2024-01-22 10:00:00,7067,4858.12,4864.39,4856.39,4859.89,4860.39
2024-01-22 14:00:00,27666,4859.89,4872.39,4849.89,4857.38,4861.14
2024-01-22 18:00:00,16012,4857.38,4861.89,4847.62,4854.64,4854.755
2024-01-22 22:00:00,3493,4854.64,4859.4,4853.39,4857.66,4856.395
2024-01-23 02:00:00,4339,4857.66,4859.41,4854.64,4855.91,4857.025
2024-01-23 06:00:00,6016,4855.91,4860.16,4851.64,4856.26,4855.9
2024-01-23 10:00:00,6025,4856.26,4866.16,4852.64,4862.9,4859.4
2024-01-23 14:00:00,21347,4862.9,4863.66,4848.89,4858.9,4856.275
2024-01-23 18:00:00,11692,4858.9,4876.41,4855.64,4875.65,4866.025
2024-01-23 22:00:00,2565,4875.65,4881.22,4875.65,4878.99,4878.435
2024-01-24 02:00:00,2182,4878.99,4883.74,4877.47,4882.24,4880.605
2024-01-24 06:00:00,7182,4882.24,4891.99,4881.72,4891.74,4886.855
2024-01-24 10:00:00,4736,4891.74,4899.49,4887.49,4894.73,4893.49
2024-01-24 14:00:00,26129,4894.73,4908.24,4884.22,4907.74,4896.23
2024-01-24 18:00:00,25240,4907.74,4907.98,4864.36,4876.49,4886.17
2024-01-24 22:00:00,3613,4876.49,4877.69,4868.93,4872.69,4873.31
2024-01-25 02:00:00,3238,4872.69,4876.93,4868.92,4876.67,4872.925
2024-01-25 06:00:00,8206,4876.67,4880.19,4872.93,4877.42,4876.56
2024-01-25 10:00:00,10844,4877.42,4893.44,4871.92,4891.19,4882.68
2024-01-25 14:00:00,32565,4891.19,4901.94,4880.17,4884.17,4891.055
2024-01-25 18:00:00,22001,4884.17,4900.94,4872.42,4894.43,4886.68
2024-01-25 22:00:00,3971,4894.43,4894.455,4885.99,4887.75,4890.2225
2024-01-26 02:00:00,2743,4887.75,4891.49,4877.49,4882.01,4884.49
2024-01-26 06:00:00,7940,4882.01,4889.01,4874.49,4889.01,4881.75
2024-01-26 10:00:00,10508,4889.01,4904.76,4887.49,4902.76,4896.125
2024-01-26 14:00:00,28620,4902.76,4910.26,4885.24,4888.51,4897.75
2024-01-26 18:00:00,14009,4888.51,4899.76,4883.99,4890.51,4891.875
2024-01-28 22:00:00,3940,4890.51,4890.595,4880.145,4890.31,4885.37
2024-01-29 02:00:00,1996,4890.31,4891.33,4887.81,4891.32,4889.57
2024-01-29 06:00:00,4638,4891.32,4898.83,4891.06,4891.82,4894.945
2024-01-29 10:00:00,5034,4891.82,4899.82,4890.81,4894.31,4895.315
2024-01-29 14:00:00,17502,4894.31,4905.58,4891.07,4901.33,4898.325
2024-01-29 18:00:00,13746,4901.33,4934.32,4897.81,4928.33,4916.065
2024-01-29 22:00:00,2241,4928.33,4935.43,4927.92,4932.17,4931.675
2024-01-30 02:00:00,1586,4932.17,4933.93,4930.66,4932.41,4932.295
2024-01-30 06:00:00,5468,4932.41,4933.18,4924.42,4927.66,4928.8
2024-01-30 10:00:00,3971,4927.66,4930.68,4919.16,4921.66,4924.92
2024-01-30 14:00:00,21851,4921.66,4933.93,4919.91,4922.93,4926.92
2024-01-30 18:00:00,19137,4922.93,4935.42,4911.41,4912.05,4923.415
2024-01-30 22:00:00,4383,4912.05,4913.4,4905.89,4909.14,4909.645
2024-01-31 02:00:00,1950,4909.14,4911.91,4908.14,4909.65,4910.025
2024-01-31 06:00:00,5624,4909.65,4916.91,4902.39,4904.65,4909.65
2024-01-31 10:00:00,9023,4904.65,4915.76,4902.14,4903.91,4908.95
2024-01-31 14:00:00,26979,4903.91,4909.41,4881.89,4891.9,4895.65
2024-01-31 18:00:00,66499,4891.9,4908.66,4845.14,4851.02,4876.9
2024-01-31 22:00:00,3566,4851.02,4862.79,4851.02,4860.78,4856.905
2024-02-01 02:00:00,2278,4860.78,4865.79,4859.27,4859.52,4862.53
2024-02-01 06:00:00,7556,4859.52,4866.54,4853.77,4865.28,4860.155
2024-02-01 10:00:00,6623,4865.28,4875.78,4862.77,4869.03,4869.275
2024-02-01 14:00:00,33272,4869.03,4899.29,4854.52,4890.79,4876.905
2024-02-01 18:00:00,32666,4890.79,4943.77,4879.03,4939.04,4911.4
2024-02-01 22:00:00,4179,4939.04,4939.09,4930.05,4938.53,4934.57
2024-02-02 02:00:00,1976,4938.53,4939.05,4934.04,4935.53,4936.545
2024-02-02 06:00:00,5011,4935.53,4940.05,4931.54,4934.9,4935.795
2024-02-02 10:00:00,10971,4934.9,4944.05,4907.53,4909.55,4925.79
2024-02-02 14:00:00,42255,4909.55,4963.55,4906.03,4953.28,4934.79
2024-02-02 18:00:00,28483,4953.28,4977.78,4950.03,4956.28,4963.905
2024-02-04 22:00:00,8809,4956.28,4962.61,4946.34,4951.59,4954.475
2024-02-05 02:00:00,2526,4951.59,4952.11,4946.59,4951.11,4949.35
2024-02-05 06:00:00,4964,4951.11,4955.86,4945.84,4947.84,4950.85
2024-02-05 10:00:00,5209,4947.84,4957.36,4945.35,4946.84,4951.355
2024-02-05 14:00:00,30099,4946.84,4954.86,4919.84,4948.09,4937.35
2024-02-05 18:00:00,17871,4948.09,4959.59,4937.59,4942.1,4948.59
2024-02-05 22:00:00,2222,4942.1,4946.53,4940.01,4946.03,4943.27
2024-02-06 02:00:00,2030,4946.03,4950.78,4945.26,4948.01,4948.02
2024-02-06 06:00:00,4084,4948.01,4954.03,4945.03,4946.01,4949.53
2024-02-06 10:00:00,5272,4946.01,4952.28,4937.26,4951.02,4944.77
2024-02-06 14:00:00,33184,4951.02,4960.78,4937.76,4943.26,4949.27
2024-02-06 18:00:00,17695,4943.26,4958.78,4938.53,4955.03,4948.655
2024-02-06 22:00:00,2666,4955.03,4966.71,4955.03,4962.45,4960.87
2024-02-07 02:00:00,1997,4962.45,4963.72,4956.7,4958.47,4960.21
2024-02-07 06:00:00,4322,4958.47,4959.72,4954.2,4958.96,4956.96
2024-02-07 10:00:00,4454,4958.96,4975.22,4953.45,4973.21,4964.335
2024-02-07 14:00:00,25366,4973.21,4998.22,4971.46,4993.47,4984.84
2024-02-07 18:00:00,13975,4993.47,5003.22,4988.7,4998.97,4995.96
2024-02-07 22:00:00,1824,4998.97,4999.2,4994.64,4997.82,4996.92
2024-02-08 02:00:00,1280,4997.82,4999.08,4995.56,4996.56,4997.32
2024-02-08 06:00:00,3321,4996.56,4999.33,4993.31,4995.33,4996.32
2024-02-08 10:00:00,4932,4995.33,4995.83,4987.06,4994.07,4991.445
2024-02-08 14:00:00,18337,4994.07,4999.07,4988.32,4991.32,4993.695
2024-02-08 18:00:00,11428,4991.32,5003.07,4990.81,4997.56,4996.94
2024-02-08 22:00:00,1791,4997.56,5000.52,4996.5,4997.0,4998.51
2024-02-09 02:00:00,1118,4997.0,5000.02,4996.5,4997.0,4998.26
2024-02-09 06:00:00,3890,4997.0,5006.52,4997.0,5003.77,5001.76
2024-02-09 10:00:00,7710,5003.77,5026.27,5003.02,5013.76,5014.645
2024-02-09 14:00:00,18458,5013.76,5020.0,4999.77,5019.76,5009.885
2024-02-09 18:00:00,8750,5019.76,5031.77,5018.0,5025.76,5024.885
2024-02-11 22:00:00,1585,5025.76,5030.03,5024.26,5028.78,5027.145
2024-02-12 02:00:00,795,5028.78,5029.53,5026.26,5026.53,5027.895
2024-02-12 06:00:00,2926,5026.53,5030.28,5026.01,5028.76,5028.145
2024-02-12 10:00:00,2126,5028.76,5031.53,5026.76,5027.02,5029.145
2024-02-12 14:00:00,11599,5027.02,5051.78,5025.01,5048.76,5038.395
2024-02-12 18:00:00,18114,5048.76,5051.28,5017.03,5021.27,5034.155
2024-02-12 22:00:00,1883,5021.27,5022.45,5016.94,5018.7,5019.695
2024-02-13 02:00:00,970,5018.7,5020.7,5017.68,5019.43,5019.19
2024-02-13 06:00:00,4818,5019.43,5025.2,5007.93,5010.2,5016.565
2024-02-13 10:00:00,13171,5010.2,5011.985,4960.68,4963.45,4986.3325
2024-02-13 14:00:00,33327,4963.45,4973.7,4947.44,4958.44,4960.57
2024-02-13 18:00:00,22405,4958.44,4959.95,4922.18,4958.95,4941.065
2024-02-13 22:00:00,3052,4958.95,4960.82,4954.44,4957.33,4957.63
2024-02-14 02:00:00,1462,4957.33,4959.58,4955.06,4957.82,4957.32
2024-02-14 06:00:00,4940,4957.82,4980.31,4957.81,4979.81,4969.06
2024-02-14 10:00:00,6472,4979.81,4986.33,4971.68,4979.07,4979.005
2024-02-14 14:00:00,30409,4979.07,4994.82,4958.56,4976.83,4976.69
2024-02-14 18:00:00,19595,4976.83,5008.07,4966.83,5003.32,4987.45
2024-02-14 22:00:00,1633,5003.32,5004.22,4996.2,4997.2,5000.21
2024-02-15 02:00:00,1414,4997.2,5004.47,4996.7,5003.22,5000.585
2024-02-15 06:00:00,4166,5003.22,5014.47,5001.2,5010.47,5007.835
2024-02-15 10:00:00,6720,5010.47,5016.72,5004.45,5008.46,5010.585
2024-02-15 14:00:00,28518,5008.46,5016.97,4998.97,5011.72,5007.97
2024-02-15 18:00:00,15235,5011.72,5036.96,5010.7,5035.45,5023.83
2024-02-15 22:00:00,2119,5035.45,5035.45,5024.27,5028.02,5029.86
2024-02-16 02:00:00,1368,5028.02,5031.29,5026.77,5028.04,5029.03
2024-02-16 06:00:00,3116,5028.04,5041.29,5028.03,5039.02,5034.66
2024-02-16 10:00:00,6647,5039.02,5044.03,5015.03,5026.03,5029.53
2024-02-16 14:00:00,31294,5026.03,5035.29,4998.52,5028.79,5016.905
2024-02-16 18:00:00,19463,5028.79,5039.28,4998.02,4999.53,5018.65
2024-02-18 22:00:00,4367,4999.53,5016.6,4999.53,5009.59,5008.065
2024-02-19 02:00:00,1956,5009.59,5012.61,5008.09,5011.86,5010.35
2024-02-19 06:00:00,5242,5011.86,5013.61,5005.6,5012.84,5009.605
2024-02-19 10:00:00,3377,5012.84,5013.61,5008.11,5011.85,5010.86
2024-02-19 14:00:00,3977,5011.85,5016.1,5010.34,5011.86,5013.22
2024-02-19 18:00:00,1,5011.86,5011.86,5011.84,5011.84,5011.85
2024-02-19 22:00:00,4276,5011.84,5012.36,4989.35,4990.1,5000.855
2024-02-20 02:00:00,3070,4990.1,4995.61,4989.59,4993.86,4992.6
2024-02-20 06:00:00,8861,4993.86,5000.11,4987.59,4993.11,4993.85
2024-02-20 10:00:00,8909,4993.11,4995.36,4982.35,4990.6,4988.855
2024-02-20 14:00:00,34318,4990.6,4996.835,4956.86,4967.09,4976.8475
2024-02-20 18:00:00,23326,4967.09,4981.37,4959.6,4977.84,4970.485
2024-02-20 22:00:00,3208,4977.84,4981.72,4969.22,4972.95,4975.47
2024-02-21 02:00:00,2179,4972.95,4974.71,4969.7,4974.22,4972.205
2024-02-21 06:00:00,7058,4974.22,4977.97,4964.22,4968.2,4971.095
2024-02-21 10:00:00,7449,4968.2,4972.96,4961.45,4966.71,4967.205
2024-02-21 14:00:00,27545,4966.71,4975.22,4958.22,4967.72,4966.72
2024-02-21 18:00:00,41155,4967.72,5008.71,4947.45,5007.59,4978.08
2024-02-21 22:00:00,5851,5007.59,5024.73,5004.21,5017.96,5014.47
2024-02-22 02:00:00,2690,5017.96,5025.96,5015.71,5022.22,5020.835
2024-02-22 06:00:00,9025,5022.22,5046.23,5021.46,5040.48,5033.845
2024-02-22 10:00:00,9171,5040.48,5056.48,5038.96,5053.23,5047.72
2024-02-22 14:00:00,28386,5053.23,5076.48,5041.21,5075.98,5058.845
2024-02-22 18:00:00,15809,5075.98,5096.48,5072.21,5082.1,5084.345
2024-02-22 22:00:00,3333,5082.1,5091.07,5081.56,5089.07,5086.315
2024-02-23 02:00:00,1911,5089.07,5092.83,5088.56,5092.32,5090.695
2024-02-23 06:00:00,5036,5092.32,5093.32,5081.31,5084.06,5087.315
2024-02-23 10:00:00,5111,5084.06,5097.08,5082.06,5096.32,5089.57
2024-02-23 14:00:00,30504,5096.32,5112.33,5081.82,5097.08,5097.075
2024-02-23 18:00:00,26661,5097.08,5101.33,5085.81,5087.57,5093.57
2024-02-25 22:00:00,5239,5087.57,5092.32,5078.55,5081.32,5085.435
2024-02-26 02:00:00,2860,5081.32,5085.57,5080.55,5082.56,5083.06
2024-02-26 06:00:00,5445,5082.56,5089.68,5079.8,5088.94,5084.74
2024-02-26 10:00:00,4666,5088.94,5098.57,5086.55,5096.05,5092.56
2024-02-26 14:00:00,22059,5096.05,5099.32,5081.8,5084.8,5090.56
2024-02-26 18:00:00,14908,5084.8,5087.82,5067.55,5068.57,5077.685
2024-02-26 22:00:00,3069,5068.57,5073.61,5065.1,5069.62,5069.355
2024-02-27 02:00:00,2581,5069.62,5071.37,5064.86,5067.35,5068.115
2024-02-27 06:00:00,5848,5067.35,5078.725,5066.1,5077.62,5072.4125
2024-02-27 10:00:00,6294,5077.62,5081.87,5071.35,5079.24,5076.61
2024-02-27 14:00:00,26359,5079.24,5080.86,5061.36,5062.11,5071.11
2024-02-27 18:00:00,4403,5062.11,5068.62,5059.1,5067.11,5063.86
